steam_id,TotalCaptures,TotalCapturesAll,TotalCapturesCoop,TotalHeroCaptures,TotalHeroCapturesAll,TotalHeroCapturesCoop,TotalKills,TotalKillsAll,TotalKillsCoop,TotalMVPs,TotalMVPsAll,TotalMVPsCoop
76561197960481035,18.0,89.0,71.0,5.0,6.0,1.0,140.0,1009.0,869.0,24.0,29.0,5.0
76561197961154230,1000.0,11.0,1000.0,25.0,,,100000.0,376.0,100000.0,50.0,6.0,4.0
76561197961364694,4.0,4.0,,,,,27.0,27.0,,,,
76561197966679165,,,,,,,2.0,,,,,
76561197969126313,,,,,,,4.0,,,,,
76561197971544298,,1.0,1.0,,,,43.0,66.0,23.0,,,
76561197976083904,148.0,505.0,357.0,6.0,6.0,,836.0,3282.0,2446.0,97.0,97.0,
76561197978069815,,1.0,1.0,,1.0,1.0,,46.0,46.0,,5.0,5.0
76561197979504724,,1.0,1.0,,,,,9.0,9.0,,,
76561197980731007,8.0,8.0,,,,,286.0,295.0,9.0,5.0,5.0,
76561197982020929,,,,,,,,23.0,23.0,,2.0,2.0
76561197988458619,42.0,48.0,6.0,2.0,3.0,1.0,101.0,272.0,171.0,17.0,22.0,5.0
76561197988973014,1.0,1.0,,,,,11.0,11.0,,,,
76561197990373069,,,,,,,13.0,13.0,,,,
76561197992734284,3.0,3.0,,,,,11.0,393.0,382.0,6.0,10.0,4.0
76561197993288731,3.0,,,,,,11.0,,,,,
76561197997948009,,11.0,11.0,,2.0,2.0,14.0,73.0,59.0,,4.0,4.0
76561198001180742,5.0,5.0,,,,,27.0,27.0,,4.0,4.0,
76561198001229686,,2.0,2.0,,,,18.0,75.0,57.0,,3.0,3.0
76561198005129199,2.0,103.0,101.0,7.0,7.0,,66.0,747.0,681.0,13.0,13.0,
76561198006700021,,6.0,6.0,,1.0,1.0,,26.0,26.0,,3.0,3.0
76561198007228774,9.0,9.0,,,,,94.0,95.0,1.0,6.0,6.0,
76561198007672682,19.0,104.0,85.0,12.0,14.0,2.0,141.0,947.0,806.0,22.0,26.0,4.0
76561198008571551,,3.0,3.0,,,,,30.0,30.0,,3.0,3.0
76561198009279284,16.0,16.0,,,,,202.0,202.0,,3.0,3.0,
76561198010170987,65.0,152.0,87.0,1.0,1.0,,1025.0,1879.0,854.0,55.0,55.0,
76561198011039230,10.0,,,,,,78.0,,,4.0,,
76561198014152447,3.0,3.0,,,,,120.0,120.0,,2.0,2.0,
76561198014664169,3.0,5.0,2.0,,,,34.0,42.0,8.0,3.0,3.0,
76561198015211720,27.0,29.0,2.0,,,,454.0,532.0,78.0,11.0,14.0,3.0
76561198015998141,62.0,67.0,5.0,4.0,6.0,2.0,1671.0,1889.0,218.0,64.0,91.0,27.0
76561198017128079,3.0,7.0,4.0,,,,17.0,103.0,86.0,,,
76561198018300193,,,,,,,3.0,3.0,,,,
76561198019450670,810.0,1804.0,994.0,56.0,102.0,46.0,14982.0,30021.0,15039.0,2139.0,2261.0,122.0
76561198020331376,,34.0,34.0,,2.0,2.0,,529.0,529.0,,5.0,5.0
76561198020634826,64.0,249.0,185.0,4.0,6.0,2.0,382.0,2129.0,1747.0,53.0,90.0,37.0
76561198021030896,3.0,28.0,25.0,,,,35.0,611.0,576.0,1.0,10.0,9.0
76561198021338419,98.0,98.0,,,,,2882.0,2882.0,,46.0,46.0,
76561198021383793,31.0,59.0,28.0,3.0,14.0,11.0,398.0,862.0,464.0,21.0,45.0,24.0
76561198021408603,31.0,653.0,622.0,5.0,21.0,16.0,208.0,6956.0,6748.0,36.0,98.0,62.0
76561198022361585,3.0,101.0,98.0,,8.0,8.0,4.0,2212.0,2208.0,,76.0,76.0
76561198022416198,,6.0,6.0,,,,,155.0,155.0,,3.0,3.0
76561198022747889,8.0,9.0,1.0,,,,64.0,76.0,12.0,3.0,3.0,
76561198025238576,4.0,10.0,6.0,1.0,1.0,,22.0,75.0,53.0,2.0,6.0,4.0
76561198026274466,33.0,38.0,5.0,4.0,4.0,,90.0,253.0,163.0,18.0,18.0,
76561198026492097,216.0,1409.0,1193.0,8.0,52.0,44.0,1408.0,13048.0,11640.0,156.0,484.0,328.0
76561198026601798,21.0,54.0,33.0,,1.0,1.0,125.0,307.0,182.0,8.0,11.0,3.0
76561198026716698,10.0,26.0,16.0,,7.0,7.0,15.0,128.0,113.0,5.0,9.0,4.0
76561198027002494,1800.0,1812.0,12.0,6.0,6.0,,21259.0,21506.0,247.0,659.0,664.0,5.0
76561198027035640,,8.0,8.0,,,,,51.0,51.0,,3.0,3.0
76561198027729292,53.0,84.0,31.0,1.0,1.0,,803.0,1124.0,321.0,9.0,9.0,
76561198028109698,9.0,9.0,,,,,83.0,83.0,,11.0,11.0,
76561198028600619,1.0,1.0,,,,,3.0,8.0,5.0,,,
76561198028683000,5.0,13.0,8.0,,,,37.0,85.0,48.0,,1.0,1.0
76561198029015422,11.0,11.0,,,,,305.0,305.0,,12.0,12.0,
76561198029723997,,34.0,34.0,,4.0,4.0,,715.0,715.0,,20.0,20.0
76561198029966671,36.0,252.0,216.0,1.0,19.0,18.0,293.0,4689.0,4396.0,26.0,102.0,76.0
76561198030218808,,18.0,18.0,,1.0,1.0,,173.0,173.0,,3.0,3.0
76561198030586489,2.0,13.0,11.0,,1.0,1.0,100.0,309.0,209.0,2.0,5.0,3.0
76561198032515419,,20.0,20.0,,3.0,3.0,,450.0,450.0,,24.0,24.0
76561198032890572,144.0,190.0,46.0,1.0,5.0,4.0,1362.0,1908.0,546.0,33.0,56.0,23.0
76561198033152133,42.0,50.0,8.0,,1.0,1.0,178.0,267.0,89.0,41.0,45.0,4.0
76561198033392163,50.0,50.0,,6.0,6.0,,605.0,605.0,,33.0,33.0,
76561198033971230,1.0,1.0,,,,,22.0,22.0,,,,
76561198034931808,42.0,283.0,241.0,1.0,3.0,2.0,325.0,6579.0,6254.0,10.0,119.0,109.0
76561198035203830,8.0,8.0,,,,,174.0,174.0,,2.0,2.0,
76561198035322838,,8.0,8.0,,1.0,1.0,32.0,208.0,176.0,,2.0,2.0
76561198035585196,21.0,33.0,12.0,,4.0,4.0,514.0,713.0,199.0,24.0,27.0,3.0
76561198035831318,,3.0,3.0,,,,,86.0,86.0,,1.0,1.0
76561198037792004,,6.0,6.0,,1.0,1.0,8.0,78.0,70.0,,6.0,6.0
76561198039037340,24.0,92.0,68.0,10.0,21.0,11.0,100019.0,200398.0,100379.0,16.0,50.0,34.0
76561198040436563,1.0,32.0,31.0,,5.0,5.0,26.0,687.0,661.0,,7.0,7.0
76561198040468591,13.0,,6.0,2.0,,,116.0,,25.0,4.0,,
76561198040762631,72.0,72.0,,1.0,1.0,,872.0,874.0,2.0,30.0,30.0,
76561198041278812,2.0,13.0,11.0,2.0,2.0,,9.0,90.0,81.0,2.0,2.0,
76561198041860550,6.0,6.0,,,,,47.0,47.0,,,,
76561198041885150,1049.0,5101.0,4052.0,28.0,3929.0,3901.0,122908.0,226291.0,103383.0,1020.0,4988.0,3968.0
76561198042684190,10.0,10.0,,,,,205.0,215.0,10.0,7.0,7.0,
76561198042757355,1.0,28.0,27.0,,1.0,1.0,128.0,545.0,417.0,1.0,9.0,8.0
76561198043602431,2.0,6.0,4.0,,,,11.0,48.0,37.0,,,
76561198043931011,10.0,10.0,,,,,71.0,104.0,33.0,2.0,2.0,
76561198044126644,,43.0,43.0,,4.0,4.0,,499.0,499.0,,9.0,9.0
76561198045027669,171.0,174.0,3.0,1.0,1.0,,2555.0,2608.0,53.0,78.0,78.0,
76561198045487058,,106.0,106.0,,7.0,7.0,9.0,2041.0,2032.0,,83.0,83.0
76561198045591957,3.0,6.0,3.0,,2.0,2.0,40.0,73.0,33.0,,7.0,7.0
76561198046236513,,,,,,,3.0,28.0,25.0,,3.0,3.0
76561198047709701,34.0,51.0,17.0,,5.0,5.0,480.0,861.0,381.0,10.0,17.0,7.0
76561198048087899,51.0,312.0,261.0,2.0,22.0,20.0,459.0,4278.0,3819.0,30.0,158.0,128.0
76561198049292481,1000.0,21.0,1000.0,25.0,5.0,5.0,100000.0,230.0,100000.0,50.0,27.0,26.0
76561198049449033,36.0,257.0,221.0,,22.0,22.0,276.0,3715.0,3439.0,14.0,142.0,128.0
76561198050025404,1.0,2.0,1.0,,,,7.0,9.0,2.0,,1.0,1.0
76561198050323268,7.0,7.0,,,,,231.0,237.0,6.0,1.0,1.0,
76561198050341568,1.0,16.0,15.0,,,,17.0,254.0,237.0,,11.0,11.0
76561198050628629,50.0,,50.0,5.0,,,250.0,,250.0,10.0,,
76561198050639054,4.0,4.0,,,,,99.0,124.0,25.0,,1.0,1.0
76561198051102119,,1.0,1.0,,,,,23.0,23.0,,4.0,4.0
76561198051439883,314.0,407.0,93.0,,5.0,5.0,1893.0,3315.0,1422.0,96.0,144.0,48.0
76561198052540427,,3.0,3.0,,,,6.0,29.0,23.0,,,
76561198052550722,4.0,46.0,42.0,,1.0,1.0,31.0,802.0,771.0,2.0,36.0,34.0
76561198052773011,761.0,783.0,22.0,2.0,6.0,4.0,11658.0,11967.0,309.0,241.0,246.0,5.0
76561198053015497,3.0,6.0,3.0,,,,22.0,29.0,7.0,2.0,3.0,1.0
76561198053455290,8.0,18.0,10.0,1.0,1.0,,127.0,223.0,96.0,1.0,3.0,2.0
76561198054173924,2.0,2.0,,,,,56.0,56.0,,,,
76561198054691850,13.0,33.0,20.0,,2.0,2.0,431.0,947.0,516.0,10.0,31.0,21.0
76561198054780300,113.0,113.0,,4.0,4.0,,1549.0,1549.0,,45.0,45.0,
76561198054892042,1000.0,128.0,1000.0,25.0,1.0,,100000.0,2810.0,100000.0,50.0,49.0,2.0
76561198054980932,4.0,4.0,,,,,60.0,60.0,,,,
76561198055948791,5.0,281.0,276.0,,16.0,16.0,31.0,3790.0,3759.0,2.0,69.0,67.0
76561198056191905,1000.0,2005.0,1005.0,25.0,25.0,,100000.0,200095.0,100095.0,50.0,63.0,13.0
76561198056209818,2.0,13.0,11.0,2.0,2.0,,12.0,111.0,99.0,3.0,5.0,2.0
76561198056889092,5.0,,32.0,4.0,,,47.0,,364.0,5.0,,
76561198056938189,1000.0,,1000.0,25.0,,,100000.0,11.0,100000.0,50.0,,
76561198057186747,6.0,6.0,,,,,106.0,113.0,7.0,,1.0,1.0
76561198057289657,1010.0,2046.0,1036.0,26.0,26.0,,100059.0,200466.0,100407.0,66.0,66.0,
76561198057320056,,,,,,,7.0,7.0,,,,
76561198058123648,14.0,83.0,69.0,,1.0,1.0,67.0,712.0,645.0,17.0,22.0,5.0
76561198058375778,4.0,,16.0,1.0,,,75.0,,166.0,6.0,,
76561198058548279,,,,,,,9.0,9.0,,2.0,2.0,
76561198058678677,22.0,24.0,2.0,,,,318.0,330.0,12.0,16.0,16.0,
76561198059374085,30.0,41.0,11.0,,,,311.0,384.0,73.0,31.0,34.0,3.0
76561198059423547,4.0,6.0,2.0,,,,63.0,79.0,16.0,2.0,2.0,
76561198059699103,,,,,,,5.0,5.0,,,,
76561198059837180,5.0,12.0,7.0,,,,385.0,465.0,80.0,2.0,7.0,5.0
76561198060228131,1000.0,,1000.0,25.0,,,100000.0,,100000.0,50.0,,
76561198060297294,1.0,194.0,193.0,19.0,19.0,,39.0,2779.0,2740.0,70.0,70.0,
76561198060617202,71.0,76.0,5.0,3.0,3.0,,515.0,560.0,45.0,18.0,18.0,
76561198060842438,1000.0,8.0,1000.0,25.0,,,100000.0,211.0,100000.0,50.0,5.0,5.0
76561198062068472,6.0,8.0,2.0,,,,347.0,368.0,21.0,19.0,19.0,
76561198062375846,2.0,157.0,155.0,,,,20.0,10510.0,10490.0,1.0,24.0,23.0
76561198062569167,32.0,380.0,348.0,18.0,20.0,2.0,180.0,4006.0,3826.0,95.0,105.0,10.0
76561198062792267,,1.0,1.0,,1.0,1.0,,,,,1.0,1.0
76561198063631664,16.0,16.0,,,,,302.0,302.0,,9.0,9.0,
76561198063790872,7.0,104.0,97.0,,4.0,4.0,57.0,2984.0,2927.0,1.0,61.0,60.0
76561198064220737,4.0,6.0,2.0,,,,58.0,147.0,89.0,13.0,13.0,
76561198064490803,5.0,6.0,1.0,,,,47.0,49.0,2.0,,,
76561198064548735,,,2.0,,,,3.0,,21.0,1.0,,
76561198064561613,47.0,53.0,6.0,,,,426.0,497.0,71.0,18.0,18.0,
76561198064626825,5.0,6.0,1.0,,,,25.0,52.0,27.0,2.0,2.0,
76561198064946551,70.0,,2.0,2.0,,,357.0,,8.0,13.0,,
76561198065099534,3.0,17.0,14.0,,,,65.0,155.0,90.0,1.0,1.0,
76561198065898682,,14.0,14.0,,,,17.0,219.0,202.0,,3.0,3.0
76561198065975829,132.0,264.0,132.0,6.0,21.0,15.0,899.0,3758.0,2859.0,94.0,159.0,65.0
76561198066360628,10.0,21.0,11.0,,1.0,1.0,135.0,250.0,115.0,2.0,2.0,
76561198066599392,,1.0,1.0,,,,,30.0,30.0,,,
76561198067048521,2.0,8.0,6.0,,,,5.0,67.0,62.0,,2.0,2.0
76561198067441834,,,,,,,2.0,,,,,
76561198067986127,,1.0,1.0,,,,,45.0,45.0,,4.0,4.0
76561198068592076,286.0,289.0,3.0,1.0,1.0,,1355.0,1507.0,152.0,75.0,80.0,5.0
76561198068732095,,3.0,3.0,,,,3.0,81.0,78.0,,5.0,5.0
76561198068790585,20.0,,,1.0,,,32.0,,,2.0,,
76561198069360517,5.0,8.0,3.0,,1.0,1.0,78.0,148.0,70.0,7.0,8.0,1.0
76561198069850894,65.0,124.0,59.0,3.0,20.0,17.0,544.0,1965.0,1421.0,57.0,161.0,104.0
76561198070035420,10.0,65.0,55.0,,,,150.0,994.0,844.0,2.0,3.0,1.0
76561198070116971,33.0,58.0,25.0,,,,265.0,829.0,564.0,12.0,18.0,6.0
76561198070354664,1.0,6.0,5.0,,,,10.0,54.0,44.0,,2.0,2.0
76561198070730863,2.0,2.0,,,,,25.0,30.0,5.0,,,
76561198071089508,,,,,,,7.0,16.0,9.0,,,
76561198071157275,1.0,1.0,,,,,23.0,23.0,,1.0,1.0,
76561198071376702,2.0,2.0,,,,,42.0,47.0,5.0,2.0,2.0,
76561198071521792,,4.0,4.0,,,,,61.0,61.0,,5.0,5.0
76561198071521794,3.0,18.0,15.0,,4.0,4.0,174.0,320.0,146.0,3.0,16.0,13.0
76561198071837722,3.0,3.0,,,,,16.0,16.0,,1.0,1.0,
76561198072581904,2.0,39.0,37.0,,,,128.0,708.0,580.0,1.0,13.0,12.0
76561198072665430,1.0,29.0,28.0,,,,48.0,708.0,660.0,,15.0,15.0
76561198072983205,7.0,8.0,1.0,,,,156.0,166.0,10.0,1.0,1.0,
76561198073703199,10.0,10.0,,,,,340.0,374.0,34.0,5.0,5.0,
76561198073961747,1.0,10.0,9.0,,4.0,4.0,122.0,242.0,120.0,5.0,13.0,8.0
76561198074086558,,,,,,,1.0,1.0,,,,
76561198074136045,1000.0,,1000.0,25.0,,,100000.0,,100000.0,50.0,,
76561198074326846,17.0,22.0,5.0,,,,280.0,338.0,58.0,11.0,14.0,3.0
76561198074483853,15.0,15.0,,,,,324.0,324.0,,6.0,6.0,
76561198074865533,1.0,1.0,,,,,34.0,34.0,,,,
76561198074961564,22.0,24.0,2.0,,,,322.0,436.0,114.0,1.0,1.0,
76561198074962087,,15.0,15.0,,,,,137.0,137.0,,6.0,6.0
76561198075241686,12.0,12.0,,,,,333.0,333.0,,5.0,5.0,
76561198075271799,8.0,9.0,1.0,,,,126.0,132.0,6.0,6.0,6.0,
76561198075926400,16.0,1422.0,1406.0,4.0,132.0,128.0,263.0,15987.0,15724.0,10.0,358.0,348.0
76561198076285847,,,,,,,7.0,,,,,
76561198076556480,41.0,41.0,,,,,416.0,416.0,,6.0,6.0,
76561198076650555,103.0,104.0,1.0,,,,2767.0,2781.0,14.0,50.0,50.0,
76561198077013342,11.0,26.0,15.0,2.0,3.0,1.0,241.0,787.0,546.0,8.0,18.0,10.0
76561198077742891,,,,,,,3.0,,,,,
76561198077745664,1.0,1.0,,,,,25.0,25.0,,,,
76561198078002828,6.0,6.0,,,,,76.0,76.0,,1.0,1.0,
76561198078144492,1000.0,,1000.0,25.0,,,100000.0,,100000.0,50.0,,
76561198078229304,3.0,3.0,,,,,12.0,12.0,,,,
76561198078401526,2.0,2.0,,,,,77.0,77.0,,2.0,2.0,
76561198078405346,2.0,,,,,,19.0,,,,,
76561198078621495,1.0,38.0,37.0,,1.0,1.0,15.0,557.0,542.0,,6.0,6.0
76561198078635170,9.0,16.0,7.0,,,,259.0,433.0,174.0,1.0,2.0,1.0
76561198078829248,7.0,7.0,,2.0,2.0,,103.0,124.0,21.0,3.0,3.0,
76561198079295695,,,,,,,9.0,9.0,,,,
76561198079595463,3.0,8.0,5.0,,,,30.0,86.0,56.0,,5.0,5.0
76561198079924249,1000.0,,1000.0,25.0,,,100000.0,,100000.0,50.0,,
76561198080398744,36.0,155.0,119.0,5.0,5.0,,359.0,1123.0,764.0,44.0,44.0,
76561198080438669,1000.0,,1000.0,25.0,,,100000.0,13.0,100000.0,50.0,1.0,
76561198080946676,1021.0,2030.0,1009.0,,,,100151.0,200216.0,100065.0,1.0,1.0,
76561198081609249,30.0,30.0,,,,,665.0,680.0,15.0,14.0,17.0,3.0
76561198081629820,1.0,1.0,,,,,5.0,5.0,,,,
76561198081683189,,,,,,,,5.0,5.0,,1.0,1.0
76561198081872577,1.0,6.0,5.0,,,,2.0,136.0,134.0,,3.0,3.0
76561198081978983,1000.0,,1000.0,25.0,,,100000.0,10.0,100000.0,50.0,,
76561198082089413,2.0,3.0,1.0,,,,26.0,29.0,3.0,,,
76561198082223022,,,,,,,6.0,6.0,,,,
76561198082286736,2.0,4.0,2.0,,,,8.0,54.0,46.0,5.0,5.0,
76561198082756406,2.0,2.0,,,,,21.0,51.0,30.0,,1.0,1.0
76561198083030355,1006.0,2006.0,1000.0,25.0,25.0,,100074.0,200091.0,100017.0,53.0,55.0,2.0
76561198083245519,22.0,22.0,,2.0,2.0,,477.0,545.0,68.0,7.0,11.0,4.0
76561198083625241,1000.0,,1000.0,25.0,,,100000.0,8.0,100000.0,50.0,,
76561198084121638,7.0,68.0,61.0,2.0,2.0,,33.0,634.0,601.0,24.0,24.0,
76561198084473332,2.0,16.0,14.0,,1.0,1.0,50.0,252.0,202.0,,1.0,1.0
76561198084600018,13.0,13.0,,2.0,2.0,,44.0,52.0,8.0,10.0,10.0,
76561198084670312,3.0,3.0,,,,,59.0,59.0,,,,
76561198085444854,,,,,,,,10.0,10.0,,,
76561198085578806,1.0,1.0,,,,,9.0,9.0,,,,
76561198085675794,1.0,4.0,3.0,,,,7.0,40.0,33.0,1.0,3.0,2.0
76561198085994848,3.0,8.0,5.0,,1.0,1.0,115.0,223.0,108.0,,4.0,4.0
76561198086041189,,,,,,,38.0,39.0,1.0,1.0,5.0,4.0
76561198086182244,,14.0,14.0,,,,,93.0,93.0,,4.0,4.0
76561198086189152,91.0,115.0,24.0,7.0,11.0,4.0,712.0,908.0,196.0,20.0,41.0,21.0
76561198086204925,26.0,39.0,13.0,4.0,9.0,5.0,57.0,263.0,206.0,11.0,17.0,6.0
76561198086368659,3.0,606.0,603.0,,83.0,83.0,39.0,22210.0,22171.0,,216.0,216.0
76561198086628604,60.0,66.0,6.0,3.0,3.0,,324.0,478.0,154.0,20.0,20.0,
76561198086794109,1.0,,,,,,6.0,,,,,
76561198086925895,10.0,10.0,,,,,137.0,137.0,,3.0,3.0,
76561198086939848,9.0,9.0,,,,,189.0,189.0,,7.0,7.0,
76561198087373295,,17.0,17.0,,2.0,2.0,46.0,371.0,325.0,,3.0,3.0
76561198088336932,,10.0,10.0,,,,,140.0,140.0,,1.0,1.0
76561198088969488,338.0,369.0,31.0,2.0,11.0,9.0,10000.0,10398.0,398.0,176.0,196.0,20.0
76561198088996579,,,,,,,49.0,,,,,
76561198089623821,4.0,,,1.0,,,54.0,,,4.0,,
76561198089922816,,4.0,4.0,,,,,51.0,51.0,,1.0,1.0
76561198089935196,,,,,,,5.0,5.0,,,,
76561198089937891,3.0,6.0,3.0,1.0,1.0,,30.0,172.0,142.0,3.0,10.0,7.0
76561198089968071,,,,,,,1.0,1.0,,,,
76561198090343978,4.0,114.0,110.0,1.0,2.0,1.0,20.0,1040.0,1020.0,2.0,17.0,15.0
76561198091705127,19.0,28.0,9.0,,1.0,1.0,362.0,425.0,63.0,15.0,17.0,2.0
76561198091863460,2.0,2.0,,,,,78.0,84.0,6.0,1.0,1.0,
76561198091880411,90.0,544.0,454.0,23.0,26.0,3.0,796.0,4564.0,3768.0,157.0,169.0,12.0
76561198092234003,,21.0,21.0,,,,,147.0,147.0,,15.0,15.0
76561198092270555,1.0,3.0,2.0,,,,23.0,51.0,28.0,,,
76561198092318104,6.0,16.0,10.0,,1.0,1.0,17.0,84.0,67.0,1.0,1.0,
76561198092621638,2.0,2.0,,,,,26.0,37.0,11.0,,1.0,1.0
76561198092834189,3.0,49.0,46.0,1.0,4.0,3.0,66.0,592.0,526.0,8.0,20.0,12.0
76561198093207152,1002.0,2002.0,1000.0,25.0,25.0,,100048.0,200050.0,100002.0,50.0,53.0,3.0
76561198093529552,1.0,8.0,7.0,,,,49.0,264.0,215.0,1.0,10.0,9.0
76561198093613103,435.0,435.0,,,,,8544.0,8627.0,83.0,251.0,254.0,3.0
76561198093660584,23.0,105.0,82.0,1.0,2.0,1.0,280.0,899.0,619.0,17.0,17.0,
76561198093721969,,27.0,27.0,,6.0,6.0,,239.0,239.0,,4.0,4.0
76561198094100617,,10.0,10.0,,,,,278.0,278.0,,3.0,3.0
76561198094252376,6.0,6.0,,,,,24.0,24.0,,3.0,3.0,
76561198094472163,21.0,27.0,6.0,2.0,3.0,1.0,79.0,290.0,211.0,14.0,33.0,19.0
76561198094671170,,,,,,,9.0,9.0,,,,
76561198094874121,1.0,1.0,,,,,14.0,14.0,,,,
76561198095143111,,1.0,1.0,,,,11.0,45.0,34.0,,,
76561198095192756,,,,,,,,,3.0,,,
76561198095416384,12.0,12.0,,,,,182.0,182.0,,4.0,4.0,
76561198095416396,18.0,224.0,206.0,2.0,2.0,,201.0,2186.0,1985.0,12.0,15.0,3.0
76561198095640734,12.0,168.0,156.0,1.0,9.0,8.0,74.0,2630.0,2556.0,9.0,40.0,31.0
76561198095868425,3.0,58.0,55.0,,5.0,5.0,74.0,1598.0,1524.0,,18.0,18.0
76561198096300093,32.0,35.0,3.0,1.0,1.0,,111.0,147.0,36.0,13.0,13.0,
76561198096393077,,,,,,,,3.0,3.0,,,
76561198096456261,,,,,,,4.0,4.0,,,,
76561198096466713,6.0,6.0,,,,,112.0,128.0,16.0,1.0,1.0,
76561198096537083,,71.0,71.0,,3.0,3.0,,1142.0,1142.0,,26.0,26.0
76561198096664795,1001.0,,1000.0,25.0,,,100005.0,,100000.0,50.0,,
76561198096780979,,,,,,,,6.0,6.0,,1.0,1.0
76561198096824838,5.0,6.0,1.0,,,,283.0,303.0,20.0,9.0,14.0,5.0
76561198097002020,,,,,,,5.0,7.0,2.0,,,
76561198097121791,,,,,,,22.0,,,,,
76561198097179289,,,,,,,9.0,9.0,,,,
76561198097324455,2.0,2.0,,,,,69.0,69.0,,5.0,5.0,
76561198097370986,10.0,34.0,24.0,1.0,3.0,2.0,97.0,814.0,717.0,2.0,23.0,21.0
76561198098151984,,3.0,3.0,,1.0,1.0,12.0,69.0,57.0,,1.0,1.0
76561198098433665,,11.0,11.0,,,,2.0,135.0,133.0,,9.0,9.0
76561198098700257,,1.0,1.0,,,,,1.0,1.0,,,
76561198099058032,,4.0,4.0,,,,3.0,162.0,159.0,2.0,5.0,3.0
76561198099064868,,,,,,,,28.0,28.0,,4.0,4.0
76561198099355275,2.0,2.0,,2.0,2.0,,2.0,2.0,,5.0,5.0,
76561198099367892,5.0,6.0,1.0,,,,160.0,208.0,48.0,3.0,3.0,
76561198100074986,,,,,,,,2.0,2.0,,1.0,1.0
76561198100378352,70.0,176.0,106.0,,6.0,6.0,3276.0,5929.0,2653.0,48.0,87.0,39.0
76561198100459046,,,,,,,8.0,8.0,,,,
76561198100706010,,67.0,67.0,,3.0,3.0,5.0,1059.0,1054.0,,16.0,16.0
76561198100876385,4.0,4.0,,,,,120.0,120.0,,2.0,2.0,
76561198101134940,1.0,1.0,,,,,104.0,104.0,,2.0,2.0,
76561198101499643,22.0,22.0,,,,,289.0,289.0,,6.0,6.0,
76561198101788657,,,,,,,2.0,2.0,,,,
76561198101790748,,10.0,10.0,,1.0,1.0,8.0,276.0,268.0,1.0,8.0,7.0
76561198101883285,2.0,2.0,,,,,15.0,15.0,,2.0,2.0,
76561198101929592,,1.0,1.0,,1.0,1.0,,19.0,19.0,,,
76561198101976340,,1.0,1.0,,,,,54.0,54.0,,,
76561198102109631,5.0,5.0,,,,,79.0,79.0,,1.0,1.0,
76561198102243031,,,,,,,16.0,25.0,9.0,,,
76561198102389733,1.0,1.0,,,,,28.0,28.0,,1.0,1.0,
76561198102689809,4.0,5.0,1.0,,1.0,1.0,50.0,77.0,27.0,3.0,3.0,
76561198102722658,5.0,6.0,1.0,,,,328.0,373.0,45.0,,4.0,4.0
76561198103481759,1.0,1.0,,,,,3.0,3.0,,,,
76561198103662008,,,,,,,,14.0,14.0,,,
76561198104020114,,,,,,,6.0,6.0,,1.0,1.0,
76561198104099240,46.0,55.0,9.0,8.0,8.0,,389.0,661.0,272.0,41.0,59.0,18.0
76561198104247731,1.0,2.0,1.0,,,,17.0,57.0,40.0,3.0,4.0,1.0
76561198104703850,,8.0,8.0,,1.0,1.0,,59.0,59.0,,,
76561198104816536,4.0,4.0,,,,,166.0,167.0,1.0,5.0,5.0,
76561198104849521,,,,,,,29.0,29.0,,,,
76561198105355440,,3.0,3.0,,,,,11.0,11.0,,2.0,2.0
76561198105634168,18.0,81.0,63.0,,2.0,2.0,170.0,1321.0,1151.0,21.0,40.0,19.0
76561198105706186,,,,,,,3.0,3.0,,,,
76561198105917195,,16.0,16.0,,,,4.0,342.0,338.0,,4.0,4.0
76561198106219334,1.0,1.0,,,,,100.0,100.0,,1.0,1.0,
76561198106619922,2.0,2.0,,,,,25.0,25.0,,6.0,6.0,
76561198107173886,17.0,40.0,23.0,1.0,7.0,6.0,92.0,716.0,624.0,8.0,61.0,53.0
76561198107708486,31.0,33.0,2.0,,1.0,1.0,739.0,757.0,18.0,9.0,11.0,2.0
76561198107956800,,,,,,,36.0,36.0,,,,
76561198108259675,10.0,10.0,,,,,122.0,132.0,10.0,5.0,5.0,
76561198108627883,,,,,,,1.0,,,,,
76561198108638122,,242.0,242.0,,34.0,34.0,,17233.0,17233.0,,106.0,106.0
76561198108807314,,13.0,13.0,,,,,186.0,186.0,,3.0,3.0
76561198109158300,,1.0,1.0,,,,,7.0,7.0,,1.0,1.0
76561198109708704,2.0,75.0,73.0,,2.0,2.0,5.0,1229.0,1224.0,,9.0,9.0
76561198109925907,5.0,7.0,2.0,,,,77.0,86.0,9.0,,,
76561198110257952,1.0,5.0,4.0,,,,17.0,39.0,22.0,,2.0,2.0
76561198110311922,8.0,8.0,,,,,41.0,41.0,,1.0,1.0,
76561198110500612,,2.0,2.0,,,,3.0,43.0,40.0,1.0,3.0,2.0
76561198110944393,,,,,,,,,,1.0,1.0,
76561198111568074,1.0,1.0,,,,,69.0,78.0,9.0,3.0,3.0,
76561198111715989,4.0,35.0,31.0,,2.0,2.0,19.0,690.0,671.0,1.0,30.0,29.0
76561198112656598,57.0,57.0,,,,,2440.0,2440.0,,30.0,30.0,
76561198112679958,15.0,82.0,67.0,,5.0,5.0,181.0,1900.0,1719.0,11.0,116.0,105.0
76561198113047227,8.0,8.0,,,,,3.0,3.0,,,,
76561198113146366,,,,,,,1.0,1.0,,,,
76561198113208948,220.0,223.0,3.0,10.0,10.0,,463.0,516.0,53.0,120.0,122.0,2.0
76561198113552000,10.0,16.0,6.0,,4.0,4.0,50.0,130.0,80.0,3.0,4.0,1.0
76561198113703491,3.0,3.0,,,,,69.0,82.0,13.0,2.0,3.0,1.0
76561198114528371,19.0,19.0,,2.0,2.0,,106.0,106.0,,16.0,16.0,
76561198114944200,11.0,11.0,,,,,206.0,214.0,8.0,4.0,4.0,
76561198114960572,,,,,,,,9.0,9.0,,1.0,1.0
76561198115567480,1.0,,,,,,53.0,,,1.0,,
76561198116080951,3.0,,,,,,12.0,,,,,
76561198116235215,9.0,11.0,2.0,,,,83.0,140.0,57.0,2.0,2.0,
76561198117436052,,,,,,,,8.0,8.0,,,
76561198117602987,1.0,11.0,10.0,,1.0,1.0,2.0,37.0,35.0,,3.0,3.0
76561198117768580,49.0,90.0,41.0,23.0,28.0,5.0,432.0,794.0,362.0,1.0,8.0,7.0
76561198118018718,,2.0,2.0,,2.0,2.0,,50.0,50.0,,2.0,2.0
76561198118128257,5.0,164.0,159.0,,8.0,8.0,30.0,3164.0,3134.0,2.0,26.0,24.0
76561198118211171,35.0,65.0,30.0,4.0,4.0,,284.0,567.0,283.0,14.0,19.0,5.0
76561198118224345,,,,,,,20.0,20.0,,,,
76561198118476062,,,,,,,1.0,1.0,,,,
76561198118806874,2.0,2.0,,,,,11.0,33.0,22.0,,,
76561198118932160,3.0,745.0,742.0,1.0,295.0,294.0,22.0,17903.0,17881.0,2.0,792.0,790.0
76561198119807017,,,,,,,,9.0,9.0,,1.0,1.0
76561198119887700,8.0,29.0,21.0,,3.0,3.0,169.0,444.0,275.0,5.0,20.0,15.0
76561198120215627,1.0,1.0,,,,,9.0,10.0,1.0,,,
76561198120353173,,,,,,,2.0,2.0,,,,
76561198120572759,,48.0,48.0,,7.0,7.0,,682.0,682.0,,15.0,15.0
76561198120689943,,,,,,,,13.0,13.0,,,
76561198120811441,56.0,65.0,9.0,1.0,1.0,,85.0,178.0,93.0,21.0,24.0,3.0
76561198120877832,41.0,143.0,102.0,2.0,4.0,2.0,152.0,869.0,717.0,11.0,16.0,5.0
76561198120970205,28.0,28.0,,,,,689.0,705.0,16.0,12.0,12.0,
76561198121086630,1000.0,,1000.0,25.0,,,100000.0,,100000.0,50.0,,
76561198121193115,,,,,,,,12.0,12.0,,,
76561198121262451,1.0,82.0,81.0,,1.0,1.0,4.0,948.0,944.0,,16.0,16.0
76561198122394016,7.0,10.0,3.0,1.0,1.0,,93.0,139.0,46.0,3.0,4.0,1.0
76561198122431397,5.0,15.0,10.0,1.0,1.0,,260.0,391.0,131.0,12.0,12.0,
76561198123209247,18.0,20.0,2.0,1.0,2.0,1.0,67.0,103.0,36.0,12.0,15.0,3.0
76561198123553209,1.0,4.0,3.0,,1.0,1.0,10.0,44.0,34.0,,,
76561198124500616,,,,,,,19.0,19.0,,,,
76561198124514618,138.0,149.0,11.0,2.0,3.0,1.0,1845.0,1998.0,153.0,56.0,57.0,1.0
76561198124885350,,,,,,,,8.0,8.0,,2.0,2.0
76561198125421851,,,,,,,40.0,92.0,52.0,,6.0,6.0
76561198125699615,,,,,,,2.0,2.0,,,,
76561198125800195,,16.0,16.0,,,,3.0,162.0,159.0,,4.0,4.0
76561198125808254,,3.0,3.0,,1.0,1.0,,,,,,
76561198125832887,6.0,6.0,,,,,69.0,69.0,,,,
76561198126093975,2.0,2.0,,,,,21.0,21.0,,,,
76561198126255585,,1.0,1.0,,,,,6.0,6.0,,1.0,1.0
76561198126395862,3.0,22.0,19.0,2.0,2.0,,52.0,268.0,216.0,6.0,6.0,
76561198126917403,,,,,,,5.0,5.0,,,,
76561198128546672,50.0,64.0,14.0,2.0,4.0,2.0,360.0,632.0,272.0,16.0,25.0,9.0
76561198129063701,,,,,,,2.0,29.0,27.0,,,
76561198129098111,1000.0,80.0,1000.0,25.0,,,100000.0,517.0,100000.0,50.0,11.0,11.0
76561198129932217,4.0,5.0,1.0,1.0,1.0,,11.0,106.0,95.0,2.0,3.0,1.0
76561198130600640,,,,,,,,4.0,4.0,,,
76561198130778577,64.0,127.0,63.0,8.0,9.0,1.0,155.0,700.0,545.0,21.0,33.0,12.0
76561198131076125,1.0,15.0,14.0,,,,16.0,97.0,81.0,1.0,6.0,5.0
76561198131593124,155.0,159.0,4.0,,1.0,1.0,2694.0,2795.0,101.0,41.0,42.0,1.0
76561198131657007,,2.0,2.0,,,,,22.0,22.0,,,
76561198132003848,14.0,19.0,5.0,,,,88.0,191.0,103.0,4.0,8.0,4.0
76561198132616125,54.0,71.0,17.0,,1.0,1.0,1248.0,1375.0,127.0,72.0,79.0,7.0
76561198132776680,1000.0,,1000.0,25.0,,,100000.0,9.0,100000.0,50.0,1.0,1.0
76561198133059018,,,,,,,3.0,16.0,13.0,,2.0,2.0
76561198133169321,6.0,6.0,,,,,120.0,120.0,,,,
76561198133260191,,1.0,1.0,,,,,26.0,26.0,,2.0,2.0
76561198133335521,,,,,,,7.0,7.0,,1.0,1.0,
76561198133939961,27.0,27.0,,,,,341.0,341.0,,11.0,11.0,
76561198134052093,1.0,4.0,3.0,,,,8.0,13.0,5.0,,,
76561198134264692,72.0,78.0,6.0,1.0,1.0,,760.0,942.0,182.0,58.0,62.0,4.0
76561198134790828,49.0,115.0,66.0,,6.0,6.0,1152.0,1624.0,472.0,35.0,72.0,37.0
76561198134832358,56.0,66.0,10.0,2.0,6.0,4.0,1032.0,1265.0,233.0,8.0,14.0,6.0
76561198135507340,10.0,15.0,5.0,,3.0,3.0,168.0,226.0,58.0,,2.0,2.0
76561198136095277,1.0,1.0,,,,,1.0,1.0,,,,
76561198136503016,,7.0,7.0,,,,2.0,103.0,101.0,,2.0,2.0
76561198136711502,38.0,49.0,11.0,2.0,4.0,2.0,86.0,415.0,329.0,20.0,34.0,14.0
76561198136862858,237.0,248.0,11.0,,,,1922.0,2156.0,234.0,40.0,42.0,2.0
76561198136868720,104.0,298.0,194.0,3.0,18.0,15.0,1753.0,3899.0,2146.0,54.0,96.0,42.0
76561198136987744,2.0,2.0,,,,,70.0,70.0,,2.0,2.0,
76561198136999551,1000.0,,1000.0,25.0,,,100000.0,,100000.0,50.0,,
76561198137059634,47.0,47.0,,1.0,1.0,,311.0,316.0,5.0,18.0,18.0,
76561198137822206,,,,,,,,9.0,9.0,,,
76561198137851997,,3.0,3.0,,,,66.0,69.0,3.0,1.0,2.0,1.0
76561198138031287,,,,,,,,,2.0,,,
76561198138225906,,26.0,26.0,,1.0,1.0,,254.0,254.0,,6.0,6.0
76561198138266455,5.0,16.0,11.0,1.0,3.0,2.0,20.0,118.0,98.0,2.0,4.0,2.0
76561198138438125,3.0,3.0,,,,,12.0,12.0,,,,
76561198138450944,,,,,,,3.0,3.0,,,,
76561198138484416,38.0,58.0,20.0,,3.0,3.0,1279.0,1478.0,199.0,47.0,63.0,16.0
76561198139170026,35.0,38.0,3.0,,2.0,2.0,847.0,952.0,105.0,7.0,9.0,2.0
76561198139486016,9.0,40.0,31.0,2.0,5.0,3.0,168.0,694.0,526.0,5.0,23.0,18.0
76561198139962727,4.0,8.0,4.0,,,,5.0,47.0,42.0,2.0,2.0,
76561198140005744,,,,,,,7.0,7.0,,,,
76561198140231822,254.0,261.0,7.0,2.0,2.0,,1118.0,1213.0,95.0,7.0,12.0,5.0
76561198140820280,174.0,333.0,159.0,5.0,12.0,7.0,2337.0,5376.0,3039.0,101.0,172.0,71.0
76561198141457962,56.0,58.0,2.0,2.0,3.0,1.0,110.0,157.0,47.0,31.0,36.0,5.0
76561198141733370,1001.0,2001.0,1000.0,25.0,25.0,,100059.0,200100.0,100041.0,53.0,60.0,7.0
76561198141890063,56.0,171.0,115.0,2.0,8.0,6.0,343.0,2007.0,1664.0,24.0,54.0,30.0
76561198142133319,,,,,,,5.0,42.0,37.0,,2.0,2.0
76561198143026403,,,,,,,8.0,8.0,,,,
76561198143723392,5.0,5.0,,,,,168.0,196.0,28.0,1.0,1.0,
76561198143911944,,,,,,,,1.0,1.0,,1.0,1.0
76561198144109317,,,,,,,5.0,78.0,73.0,,4.0,4.0
76561198144186244,15.0,67.0,52.0,,3.0,3.0,333.0,673.0,340.0,1.0,1.0,
76561198144533517,,,,,,,35.0,35.0,,,,
76561198145567071,235.0,267.0,32.0,4.0,5.0,1.0,5309.0,5741.0,432.0,116.0,130.0,14.0
76561198145570899,83.0,119.0,36.0,2.0,6.0,4.0,1084.0,2007.0,923.0,23.0,58.0,35.0
76561198145584692,,11.0,11.0,,,,10.0,381.0,371.0,,4.0,4.0
76561198145602487,14.0,227.0,213.0,,26.0,26.0,217.0,4144.0,3927.0,10.0,175.0,165.0
76561198145709442,22.0,22.0,,6.0,6.0,,100.0,116.0,16.0,21.0,23.0,2.0
76561198146321011,,,,,,,,14.0,14.0,,,
76561198146509809,,,,,,,,7.0,7.0,,,
76561198146827204,,,,,,,1.0,1.0,,,,
76561198147094757,,1.0,1.0,,,,,14.0,14.0,,,
76561198147116592,,,,,,,1.0,1.0,,,,
76561198147158923,,3.0,3.0,,,,,16.0,16.0,,2.0,2.0
76561198147544899,,,,,,,1.0,9.0,8.0,,,
76561198148440667,10.0,17.0,7.0,,,,116.0,234.0,118.0,,3.0,3.0
76561198148782796,2.0,8.0,6.0,,2.0,2.0,89.0,158.0,69.0,1.0,3.0,2.0
76561198148937867,8.0,35.0,27.0,,1.0,1.0,46.0,453.0,407.0,3.0,12.0,9.0
76561198148946324,5.0,62.0,57.0,,3.0,3.0,50.0,867.0,817.0,,14.0,14.0
76561198149581757,4.0,15.0,11.0,,,,53.0,343.0,290.0,,7.0,7.0
76561198150619587,,,,,,,1.0,1.0,,,,
76561198151695440,1006.0,2006.0,1000.0,26.0,26.0,,100125.0,200125.0,100000.0,53.0,53.0,
76561198151966962,11.0,191.0,180.0,,2.0,2.0,189.0,2288.0,2099.0,7.0,27.0,20.0
76561198152231310,1.0,1.0,,,,,21.0,21.0,,,,
76561198152733443,53.0,59.0,6.0,1.0,1.0,,287.0,371.0,84.0,13.0,13.0,
76561198155002469,1.0,1.0,,,,,9.0,16.0,7.0,2.0,2.0,
76561198155296984,,,,,,,1.0,1.0,,,,
76561198155567677,1003.0,2003.0,1000.0,25.0,25.0,,100180.0,200180.0,100000.0,52.0,52.0,
76561198155857144,1.0,2.0,1.0,,1.0,1.0,29.0,58.0,29.0,,,
76561198156071215,1000.0,2.0,1000.0,25.0,,,100000.0,26.0,100000.0,50.0,1.0,
76561198156345251,,,,,,,,6.0,6.0,,,
76561198156466243,1.0,5.0,4.0,,,,6.0,62.0,56.0,1.0,6.0,5.0
76561198156637800,,333.0,333.0,,11.0,11.0,,3947.0,3947.0,,51.0,51.0
76561198157164998,,2.0,2.0,,,,,11.0,11.0,,2.0,2.0
76561198158587574,2.0,2.0,,,,,23.0,45.0,22.0,1.0,1.0,
76561198159116995,2.0,2.0,,,,,64.0,101.0,37.0,,,
76561198160606627,3.0,3.0,,2.0,2.0,,1.0,1.0,,,,
76561198160953929,,,,,,,11.0,11.0,,,,
76561198161050264,4.0,5.0,1.0,1.0,1.0,,6.0,14.0,8.0,1.0,1.0,
76561198161271194,,,,,,,1.0,5.0,4.0,,,
76561198161359782,40.0,68.0,28.0,4.0,4.0,,484.0,642.0,158.0,9.0,9.0,
76561198162054097,30.0,30.0,,,,,64.0,64.0,,9.0,9.0,
76561198162129512,,26.0,26.0,,3.0,3.0,,399.0,399.0,,4.0,4.0
76561198162385295,44.0,44.0,,1.0,1.0,,395.0,395.0,,6.0,6.0,
76561198162957753,,1.0,1.0,,,,,8.0,8.0,,,
76561198163638022,4.0,6.0,2.0,,,,167.0,207.0,40.0,5.0,10.0,5.0
76561198163990421,,5.0,5.0,,,,16.0,90.0,74.0,,1.0,1.0
76561198164938851,8.0,12.0,4.0,,,,4.0,163.0,159.0,2.0,6.0,4.0
76561198165144729,31.0,49.0,18.0,1.0,2.0,1.0,489.0,770.0,281.0,11.0,21.0,10.0
76561198165204231,6.0,6.0,,,,,194.0,244.0,50.0,20.0,20.0,
76561198165254549,,,,,,,4.0,4.0,,,,
76561198165538321,,,,,,,11.0,11.0,,,,
76561198165845654,,1.0,1.0,,,,,10.0,10.0,,,
76561198166867137,,,,,,,,17.0,17.0,,1.0,1.0
76561198167959068,13.0,13.0,,,,,113.0,113.0,,3.0,3.0,
76561198167970064,173.0,218.0,45.0,1.0,7.0,6.0,5888.0,7281.0,1393.0,123.0,140.0,17.0
76561198168481368,29.0,29.0,,,,,61.0,105.0,44.0,13.0,18.0,5.0
76561198168506588,4.0,4.0,,,,,62.0,62.0,,,,
76561198168677596,13.0,13.0,,,,,51.0,63.0,12.0,5.0,7.0,2.0
76561198168786519,8.0,14.0,6.0,1.0,1.0,,69.0,170.0,101.0,1.0,2.0,1.0
76561198169110463,93.0,101.0,8.0,2.0,5.0,3.0,1231.0,1394.0,163.0,16.0,25.0,9.0
76561198169456744,,9.0,9.0,,,,15.0,143.0,128.0,1.0,1.0,
76561198170616409,1.0,1.0,,,,,38.0,38.0,,1.0,1.0,
76561198171653431,46.0,352.0,306.0,8.0,14.0,6.0,124.0,7389.0,7265.0,35.0,91.0,56.0
76561198172307129,7.0,7.0,,,,,44.0,66.0,22.0,3.0,3.0,
76561198172795397,1000.0,,1000.0,25.0,,,100000.0,,100000.0,50.0,,
76561198174891403,,376.0,376.0,,22.0,22.0,11.0,6515.0,6504.0,,117.0,117.0
76561198175554945,2.0,3.0,1.0,,,,47.0,54.0,7.0,1.0,1.0,
76561198176398135,,3.0,3.0,,,,,12.0,12.0,,1.0,1.0
76561198176996605,9.0,10.0,1.0,1.0,1.0,,13.0,27.0,14.0,2.0,2.0,
76561198177175542,,4.0,4.0,,1.0,1.0,2.0,49.0,47.0,,4.0,4.0
76561198177881685,4.0,4.0,,,,,142.0,142.0,,4.0,4.0,
76561198177953898,10.0,50.0,40.0,4.0,8.0,4.0,69.0,523.0,454.0,10.0,46.0,36.0
76561198178748363,,,,,,,,3.0,3.0,,,
76561198179031987,10.0,11.0,1.0,,1.0,1.0,342.0,372.0,30.0,9.0,11.0,2.0
76561198179040478,1000.0,2001.0,1001.0,25.0,25.0,,100000.0,200020.0,100020.0,50.0,50.0,
76561198179510022,1.0,5.0,4.0,,2.0,2.0,,105.0,105.0,,17.0,17.0
76561198180158910,,3.0,3.0,,,,,16.0,16.0,,,
76561198181060865,19.0,29.0,10.0,,,,326.0,451.0,125.0,9.0,9.0,
76561198181681013,,,,,,,2.0,2.0,,,,
76561198183373023,,3.0,3.0,,,,14.0,58.0,44.0,,,
76561198183451361,,1.0,1.0,,,,,64.0,64.0,,4.0,4.0
76561198184184057,1.0,1.0,,,,,21.0,21.0,,,,
76561198184739334,,,,,,,,4.0,4.0,,1.0,1.0
76561198185492875,,1.0,1.0,,,,3.0,8.0,5.0,,1.0,1.0
76561198185666437,1000.0,48.0,1000.0,25.0,2.0,2.0,100000.0,517.0,100000.0,50.0,31.0,14.0
76561198186303242,119.0,224.0,105.0,3.0,5.0,2.0,351.0,1489.0,1138.0,51.0,62.0,11.0
76561198186545286,51.0,90.0,39.0,2.0,2.0,,1737.0,2003.0,266.0,22.0,29.0,7.0
76561198188543039,,,,,,,3.0,3.0,,,,
76561198188572833,,,,,,,,2.0,2.0,,,
76561198191679214,5.0,194.0,189.0,,22.0,22.0,14.0,2703.0,2689.0,1.0,65.0,64.0
76561198191821895,,1.0,1.0,,,,5.0,10.0,5.0,,,
76561198192701229,,3.0,3.0,,,,1.0,42.0,41.0,,,
76561198194319102,,,,,,,,25.0,25.0,,4.0,4.0
76561198194900966,35.0,75.0,40.0,1.0,2.0,1.0,161.0,841.0,680.0,25.0,37.0,12.0
76561198196786539,1002.0,2002.0,1000.0,25.0,27.0,2.0,100006.0,200043.0,100037.0,52.0,57.0,5.0
76561198197746050,1000.0,,1000.0,25.0,,,100000.0,,100000.0,50.0,,
76561198198926335,,,,,,,,13.0,13.0,,4.0,4.0
76561198199789282,,2.0,2.0,,,,,14.0,14.0,,,
76561198201288234,4.0,46.0,42.0,,3.0,3.0,81.0,588.0,507.0,,15.0,15.0
76561198201308490,,5.0,5.0,,1.0,1.0,48.0,121.0,73.0,1.0,4.0,3.0
76561198201722542,,,,,,,1.0,1.0,,,,
76561198202010565,1000.0,17.0,1000.0,25.0,3.0,2.0,100000.0,323.0,100000.0,50.0,32.0,19.0
76561198202070677,,,,,,,11.0,46.0,35.0,,4.0,4.0
76561198202349228,1000.0,5.0,1000.0,25.0,,,100000.0,226.0,100000.0,50.0,10.0,7.0
76561198202464347,11.0,13.0,2.0,1.0,1.0,,15.0,36.0,21.0,2.0,4.0,2.0
76561198202692042,10.0,12.0,2.0,1.0,1.0,,29.0,63.0,34.0,4.0,4.0,
76561198202905586,,7.0,7.0,,,,,54.0,54.0,,,
76561198203134758,10.0,13.0,3.0,,,,423.0,453.0,30.0,4.0,6.0,2.0
76561198203778525,2.0,18.0,16.0,,1.0,1.0,13.0,135.0,122.0,1.0,4.0,3.0
76561198203960653,11.0,11.0,,1.0,1.0,,53.0,56.0,3.0,5.0,5.0,
76561198204136992,1.0,1.0,,,,,1.0,2.0,1.0,,,
76561198204687428,1.0,12.0,11.0,1.0,3.0,2.0,168.0,416.0,248.0,,11.0,11.0
76561198204758163,,852.0,852.0,,6.0,6.0,,7074.0,7074.0,,95.0,95.0
76561198204790012,1000.0,2000.0,1000.0,25.0,25.0,,100000.0,200000.0,100000.0,50.0,50.0,
76561198205271060,,11.0,11.0,,,,6.0,242.0,236.0,1.0,3.0,2.0
76561198206135923,,3.0,3.0,,,,25.0,99.0,74.0,2.0,3.0,1.0
76561198206597243,8.0,8.0,,,,,148.0,148.0,,3.0,3.0,
76561198207492620,,,,,,,8.0,80.0,72.0,,,
76561198207741591,,7.0,7.0,,,,2.0,176.0,174.0,,9.0,9.0
76561198212345909,125.0,193.0,68.0,1.0,9.0,8.0,3211.0,4210.0,999.0,84.0,118.0,34.0
76561198212707976,1008.0,2008.0,1000.0,25.0,25.0,,100059.0,200059.0,100000.0,90.0,93.0,3.0
76561198213876481,,1.0,1.0,,,,,18.0,18.0,,,
76561198213968981,78.0,81.0,3.0,8.0,9.0,1.0,138.0,201.0,63.0,35.0,42.0,7.0
76561198217080339,4.0,4.0,,,,,4.0,37.0,33.0,,,
76561198217497809,,1.0,1.0,,,,1.0,18.0,17.0,,,
76561198217946023,101.0,105.0,4.0,1.0,2.0,1.0,2375.0,2434.0,59.0,21.0,33.0,12.0
76561198219377851,15.0,18.0,3.0,,,,258.0,315.0,57.0,1.0,1.0,
76561198219702196,3.0,3.0,,,,,4.0,14.0,10.0,,,
76561198223707424,,,,,,,1.0,1.0,,,,
76561198225143996,3.0,3.0,,,,,55.0,58.0,3.0,3.0,3.0,
76561198227763652,,1.0,1.0,,,,19.0,36.0,17.0,,,
76561198229029412,,12.0,12.0,,,,,140.0,140.0,,6.0,6.0
76561198229174632,24.0,32.0,8.0,,1.0,1.0,610.0,884.0,274.0,18.0,23.0,5.0
76561198231623832,18.0,134.0,116.0,,6.0,6.0,239.0,993.0,754.0,2.0,33.0,31.0
76561198232021756,11.0,11.0,,,,,605.0,618.0,13.0,4.0,4.0,
76561198232497248,69.0,368.0,299.0,4.0,167.0,163.0,772.0,6513.0,5741.0,33.0,504.0,471.0
76561198232546708,1.0,1.0,,,,,1.0,1.0,,,,
76561198232620456,1.0,1.0,,,,,17.0,17.0,,1.0,1.0,
76561198233410152,1.0,34.0,33.0,,5.0,5.0,3.0,428.0,425.0,,28.0,28.0
76561198234127256,,,,,,,,13.0,13.0,,,
76561198236215100,11.0,12.0,1.0,,,,73.0,123.0,50.0,8.0,12.0,4.0
76561198236262656,54.0,59.0,5.0,5.0,5.0,,259.0,303.0,44.0,22.0,22.0,
76561198237913488,84.0,87.0,3.0,,1.0,1.0,2995.0,3024.0,29.0,48.0,48.0,
76561198237918696,,,,,,,7.0,7.0,,,,
76561198239583178,3.0,3.0,,,,,9.0,9.0,,2.0,2.0,
76561198245036206,1.0,4.0,3.0,,,,61.0,128.0,67.0,1.0,2.0,1.0
76561198245537400,25.0,126.0,101.0,1.0,8.0,7.0,232.0,8129.0,7897.0,38.0,614.0,576.0
76561198247411022,2.0,2.0,,2.0,2.0,,67.0,135.0,68.0,6.0,13.0,7.0
76561198247697154,1.0,1.0,,,,,4.0,8.0,4.0,,,
76561198248540738,5.0,5.0,,,,,196.0,196.0,,,,
76561198249526762,40.0,40.0,,,,,465.0,541.0,76.0,7.0,8.0,1.0
76561198249797856,6.0,6.0,,,,,87.0,88.0,1.0,,,
76561198252679292,25.0,51.0,26.0,,,,198.0,524.0,326.0,6.0,6.0,
76561198252982243,,,,,,,2.0,2.0,,,,
76561198253082432,,,,,,,,33.0,33.0,,2.0,2.0
76561198253132472,1000.0,3.0,1000.0,25.0,,,100000.0,151.0,100000.0,50.0,4.0,
76561198253950071,4.0,9.0,5.0,,1.0,1.0,10.0,128.0,118.0,1.0,4.0,3.0
76561198254140800,5.0,9.0,4.0,,1.0,1.0,19.0,61.0,42.0,2.0,7.0,5.0
76561198254670143,,,,,,,,27.0,27.0,,1.0,1.0
76561198255244592,3.0,10.0,7.0,,1.0,1.0,35.0,94.0,59.0,1.0,3.0,2.0
76561198255761954,1.0,1.0,,,,,13.0,13.0,,,,
76561198255981362,7.0,7.0,,1.0,1.0,,60.0,60.0,,3.0,3.0,
76561198256523518,5.0,10.0,5.0,,,,9.0,25.0,16.0,2.0,2.0,
76561198257996667,20.0,24.0,4.0,,1.0,1.0,484.0,517.0,33.0,23.0,23.0,
76561198258035327,1.0,4.0,3.0,,1.0,1.0,97.0,118.0,21.0,3.0,5.0,2.0
76561198260018953,1000.0,2008.0,1008.0,25.0,25.0,,100000.0,200383.0,100383.0,50.0,50.0,
76561198260202615,1000.0,10.0,1000.0,25.0,3.0,1.0,100000.0,79.0,100000.0,50.0,10.0,9.0
76561198260635492,1021.0,2023.0,1002.0,25.0,27.0,2.0,100523.0,200634.0,100111.0,59.0,69.0,10.0
76561198261210767,28.0,39.0,11.0,,1.0,1.0,695.0,908.0,213.0,25.0,33.0,8.0
76561198261510173,22.0,32.0,10.0,,,,630.0,786.0,156.0,10.0,13.0,3.0
76561198261801962,2.0,37.0,35.0,,6.0,6.0,148.0,821.0,673.0,2.0,23.0,21.0
76561198262190397,108.0,108.0,,4.0,4.0,,1003.0,1003.0,,54.0,55.0,1.0
76561198262542474,,,,,,,,13.0,13.0,,,
76561198262768367,,3.0,3.0,,,,,14.0,14.0,,1.0,1.0
76561198263265325,10.0,10.0,,,,,11.0,22.0,11.0,4.0,6.0,2.0
76561198263284604,18.0,46.0,28.0,,1.0,1.0,338.0,478.0,140.0,6.0,14.0,8.0
76561198264296548,1.0,1.0,,,,,22.0,57.0,35.0,,3.0,3.0
76561198268842317,1.0,1.0,,,,,38.0,73.0,35.0,,,
76561198268890159,,4.0,4.0,,,,,50.0,50.0,,,
76561198268898812,53.0,57.0,4.0,,,,228.0,319.0,91.0,5.0,15.0,10.0
76561198271513339,1000.0,,1000.0,25.0,,,100000.0,,100000.0,50.0,,
76561198271536736,13.0,103.0,90.0,,12.0,12.0,542.0,2717.0,2175.0,8.0,67.0,59.0
76561198271558523,12.0,12.0,,,,,186.0,192.0,6.0,1.0,2.0,1.0
76561198272301574,5.0,58.0,53.0,,3.0,3.0,104.0,1274.0,1170.0,,11.0,11.0
76561198272436743,1000.0,,1000.0,25.0,,,100000.0,,100000.0,50.0,,
76561198272716287,3.0,3.0,,,,,182.0,193.0,11.0,3.0,3.0,
76561198273378781,50.0,50.0,,,,,1356.0,1395.0,39.0,30.0,32.0,2.0
76561198274690744,42.0,43.0,1.0,1.0,1.0,,608.0,614.0,6.0,20.0,20.0,
76561198276398459,6.0,13.0,7.0,,1.0,1.0,57.0,189.0,132.0,1.0,5.0,4.0
76561198277082802,1.0,1.0,,,,,17.0,17.0,,,,
76561198277975950,21.0,105.0,84.0,,,,670.0,1377.0,707.0,13.0,17.0,4.0
76561198280021508,,,,,,,,17.0,17.0,,2.0,2.0
76561198280877669,25.0,53.0,28.0,2.0,2.0,,86.0,466.0,380.0,13.0,20.0,7.0
76561198281179888,72.0,72.0,,1.0,1.0,,793.0,793.0,,23.0,23.0,
76561198281335196,3.0,13.0,10.0,,,,85.0,340.0,255.0,,2.0,2.0
76561198281602618,22.0,32.0,10.0,,2.0,2.0,309.0,569.0,260.0,6.0,22.0,16.0
76561198281622953,,30.0,30.0,,1.0,1.0,3.0,275.0,272.0,,5.0,5.0
76561198282828128,,,,,,,,39.0,39.0,,5.0,5.0
76561198284182747,,,,,,,6.0,6.0,,,,
76561198285686130,,,,,,,,19.0,19.0,,3.0,3.0
76561198286381535,1.0,4.0,3.0,,,,37.0,76.0,39.0,,1.0,1.0
76561198286650304,2.0,7.0,5.0,,,,,96.0,96.0,,1.0,1.0
76561198286871151,,130.0,130.0,,2.0,2.0,1.0,1922.0,1921.0,,11.0,11.0
76561198289126227,2.0,2.0,,,,,21.0,21.0,,,,
76561198289734401,7.0,25.0,18.0,,1.0,1.0,119.0,196.0,77.0,1.0,5.0,4.0
76561198289886574,,,,,,,3.0,3.0,,,,
76561198290326070,,3.0,3.0,,1.0,1.0,,52.0,52.0,,7.0,7.0
76561198291059123,1.0,2.0,1.0,,,,2.0,18.0,16.0,,,
76561198291624549,1.0,2.0,1.0,,,,1.0,21.0,20.0,,,
76561198293398527,2.0,2.0,,,,,3.0,5.0,2.0,1.0,1.0,
76561198295383423,12.0,26.0,14.0,,1.0,1.0,184.0,506.0,322.0,11.0,46.0,35.0
76561198295742851,15.0,20.0,5.0,1.0,2.0,1.0,198.0,510.0,312.0,10.0,35.0,25.0
76561198295953805,6.0,95.0,89.0,,15.0,15.0,165.0,1420.0,1255.0,3.0,32.0,29.0
76561198296368109,,2.0,2.0,,,,5.0,81.0,76.0,,6.0,6.0
76561198296785234,5.0,8.0,3.0,,,,53.0,119.0,66.0,2.0,3.0,1.0
76561198298894678,,76.0,76.0,,,,102.0,1980.0,1878.0,2.0,9.0,7.0
76561198300696829,1011.0,2046.0,1035.0,25.0,40.0,15.0,100450.0,200859.0,100409.0,60.0,139.0,79.0
76561198301297303,3.0,4.0,1.0,,,,75.0,76.0,1.0,,,
76561198302075381,2.0,2.0,,,,,52.0,52.0,,,,
76561198302891711,17.0,39.0,22.0,,2.0,2.0,382.0,537.0,155.0,,17.0,17.0
76561198304673611,7.0,25.0,18.0,,2.0,2.0,82.0,538.0,456.0,1.0,13.0,12.0
76561198305900125,,,,,,,1.0,6.0,5.0,,,
76561198305953079,13.0,13.0,,,,,71.0,74.0,3.0,5.0,6.0,1.0
76561198306770473,0.0,0.0,0.0,0.0,,,0.0,0.0,0.0,0.0,0.0,
76561198307513359,1.0,16.0,15.0,,,,43.0,208.0,165.0,,3.0,3.0
76561198308769889,77.0,180.0,103.0,,10.0,10.0,3435.0,4165.0,730.0,113.0,183.0,70.0
76561198309175978,2.0,3.0,1.0,,,,11.0,36.0,25.0,,2.0,2.0
76561198309785078,14.0,21.0,7.0,,1.0,1.0,7.0,90.0,83.0,5.0,15.0,10.0
76561198311097449,1.0,243.0,242.0,,4.0,4.0,17.0,2844.0,2827.0,1.0,58.0,57.0
76561198312016877,2.0,11.0,9.0,,,,17.0,60.0,43.0,,3.0,3.0
76561198312931725,1.0,1.0,,,,,1.0,1.0,,,,
76561198313090595,33.0,45.0,12.0,,,,349.0,387.0,38.0,13.0,13.0,
76561198313358256,140.0,146.0,6.0,,,,2710.0,2748.0,38.0,61.0,61.0,
76561198314950349,,,,,,,13.0,13.0,,,,
76561198315915134,,2.0,2.0,,,,,21.0,21.0,,2.0,2.0
76561198316149856,,4.0,4.0,,,,,43.0,43.0,,1.0,1.0
76561198317039026,1.0,1.0,,,,,7.0,7.0,,,,
76561198318312863,1000.0,2000.0,1000.0,25.0,25.0,,100000.0,200000.0,100000.0,50.0,50.0,
76561198318586622,,,,,,,,5.0,5.0,,,
76561198319717033,3.0,4.0,1.0,,,,361.0,429.0,68.0,5.0,5.0,
76561198321863242,1.0,6.0,5.0,,2.0,2.0,10.0,86.0,76.0,,9.0,9.0
76561198322513801,,5.0,5.0,,2.0,2.0,,17.0,17.0,,2.0,2.0
76561198322728761,2.0,2.0,,,,,71.0,76.0,5.0,2.0,2.0,
76561198323490789,857.0,1038.0,181.0,42.0,59.0,17.0,16985.0,28465.0,11480.0,776.0,1977.0,1201.0
76561198324877025,,2.0,2.0,,1.0,1.0,,35.0,35.0,,5.0,5.0
76561198325440310,1.0,40.0,39.0,,2.0,2.0,77.0,578.0,501.0,3.0,21.0,18.0
76561198325742681,5.0,6.0,1.0,,,,163.0,171.0,8.0,3.0,3.0,
76561198325999190,,6.0,6.0,,2.0,2.0,,18.0,18.0,,2.0,2.0
76561198327098165,,1.0,1.0,,,,,12.0,12.0,,2.0,2.0
76561198329411475,37.0,66.0,29.0,,2.0,2.0,996.0,1920.0,924.0,17.0,31.0,14.0
76561198330530399,,3.0,3.0,,2.0,2.0,,23.0,23.0,,1.0,1.0
76561198333716819,,,,,,,11.0,11.0,,,,
76561198336140366,334.0,347.0,13.0,15.0,15.0,,1360.0,1649.0,289.0,165.0,168.0,3.0
76561198336217889,,,,,,,,1.0,1.0,,,
76561198337530528,,,,,,,8.0,8.0,,1.0,1.0,
76561198337865008,49.0,56.0,7.0,7.0,7.0,,140.0,332.0,192.0,16.0,18.0,2.0
76561198338681786,,,,,,,1.0,1.0,,,,
76561198339339036,49.0,49.0,,,,,1065.0,1067.0,2.0,13.0,13.0,
76561198340112576,,,,,,,,11.0,11.0,,,
76561198340889864,,,,,,,3.0,3.0,,,,
76561198341467327,,2.0,2.0,,2.0,2.0,,3.0,3.0,,2.0,2.0
76561198341793958,12.0,12.0,,,,,543.0,543.0,,1.0,1.0,
76561198341939549,19.0,47.0,28.0,,,,231.0,527.0,296.0,13.0,38.0,25.0
76561198342983601,1.0,1.0,,,,,20.0,20.0,,,,
76561198344081756,26.0,28.0,2.0,,,,1341.0,1352.0,11.0,16.0,16.0,
76561198344098389,2.0,2.0,,,,,57.0,74.0,17.0,3.0,3.0,
76561198344914462,54.0,63.0,9.0,2.0,3.0,1.0,277.0,576.0,299.0,37.0,45.0,8.0
76561198346059974,3.0,3.0,,,,,76.0,76.0,,1.0,1.0,
76561198347167354,1001.0,2001.0,1000.0,25.0,25.0,,100002.0,200002.0,100000.0,51.0,51.0,
76561198347541149,88.0,133.0,45.0,3.0,7.0,4.0,1524.0,2101.0,577.0,68.0,95.0,27.0
76561198348139688,,30.0,30.0,,1.0,1.0,11.0,521.0,510.0,,15.0,15.0
76561198348611463,,,,,,,,23.0,23.0,,3.0,3.0
76561198350961470,1.0,9.0,8.0,,,,11.0,66.0,55.0,,1.0,1.0
76561198351617388,50.0,67.0,17.0,5.0,5.0,,117.0,291.0,174.0,34.0,37.0,3.0
76561198352417844,4.0,39.0,35.0,,1.0,1.0,42.0,448.0,406.0,1.0,20.0,19.0
76561198353065360,,,,,,,14.0,14.0,,,,
76561198354027469,15.0,15.0,,,,,293.0,293.0,,5.0,5.0,
76561198355608818,,,,,,,8.0,8.0,,1.0,1.0,
76561198355834930,,3.0,3.0,,1.0,1.0,11.0,28.0,17.0,,1.0,1.0
76561198356199085,1000.0,,1000.0,25.0,,,100000.0,,100000.0,50.0,,
76561198360041710,3.0,48.0,45.0,,1.0,1.0,16.0,1065.0,1049.0,2.0,50.0,48.0
76561198361062707,,2.0,2.0,,,,,7.0,7.0,,,
76561198361358564,,10.0,10.0,,,,,113.0,113.0,,,
76561198361779242,,,,,,,1.0,1.0,,,,
76561198362323367,,,,,,,,5.0,5.0,,1.0,1.0
76561198362470178,4.0,95.0,91.0,,1.0,1.0,70.0,963.0,893.0,1.0,9.0,8.0
76561198364566109,,4.0,4.0,,,,4.0,31.0,27.0,,2.0,2.0
76561198364955321,,,,,,,3.0,3.0,,,,
76561198365454705,,3.0,3.0,,,,1.0,43.0,42.0,,1.0,1.0
76561198367065181,2.0,2.0,,,,,23.0,23.0,,6.0,6.0,
76561198367650091,,4.0,4.0,,,,6.0,80.0,74.0,,,
76561198368175029,,,,,,,4.0,4.0,,1.0,1.0,
76561198369823498,,9.0,9.0,,1.0,1.0,,131.0,131.0,,3.0,3.0
76561198370000760,,5.0,5.0,,,,,76.0,76.0,,,
76561198372076569,,25.0,25.0,,1.0,1.0,,494.0,494.0,,17.0,17.0
76561198374800110,153.0,161.0,8.0,1.0,1.0,,1224.0,1289.0,65.0,31.0,38.0,7.0
76561198377134326,,,,,,,,5.0,5.0,,1.0,1.0
76561198377827851,7.0,44.0,37.0,,4.0,4.0,210.0,988.0,778.0,3.0,74.0,71.0
76561198379005857,,5.0,5.0,,,,,37.0,37.0,,4.0,4.0
76561198379255113,,,,,,,5.0,5.0,,,,
76561198380538487,1003.0,2067.0,1064.0,25.0,28.0,3.0,100026.0,201698.0,101672.0,50.0,72.0,22.0
76561198382390892,,,,,,,1.0,1.0,,,,
76561198382520148,4.0,22.0,18.0,,,,160.0,275.0,115.0,4.0,7.0,3.0
76561198384615246,24.0,67.0,43.0,1.0,15.0,14.0,140.0,1425.0,1285.0,15.0,65.0,50.0
76561198384760262,,1.0,1.0,,,,25.0,29.0,4.0,1.0,1.0,
76561198386499036,0.0,11.0,0.0,,3.0,3.0,7.0,135.0,0.0,,11.0,11.0
76561198392980517,1000.0,12.0,1000.0,25.0,1.0,,100000.0,213.0,100000.0,50.0,6.0,2.0
76561198393005716,1000.0,,1000.0,25.0,,,100000.0,,100000.0,50.0,,
76561198393066471,,5.0,5.0,,1.0,1.0,122.0,177.0,55.0,1.0,3.0,2.0
76561198396870093,7.0,9.0,2.0,,,,208.0,249.0,41.0,,,
76561198397658078,,1.0,1.0,,1.0,1.0,17.0,34.0,17.0,1.0,3.0,2.0
76561198400727171,14.0,1544.0,1530.0,,53.0,53.0,199.0,17678.0,17479.0,2.0,207.0,205.0
76561198401274871,,,,,,,,3.0,3.0,,,
76561198401738332,1.0,5.0,4.0,,,,1.0,15.0,14.0,,,
76561198404224780,22.0,27.0,5.0,2.0,3.0,1.0,400.0,508.0,108.0,14.0,20.0,6.0
76561198407542476,,2.0,2.0,,,,,36.0,36.0,,2.0,2.0
76561198411126650,4.0,4.0,,,,,38.0,38.0,,,,
76561198413735489,48.0,48.0,,,,,957.0,957.0,,18.0,18.0,
76561198414781692,,,,,,,2.0,4.0,2.0,,,
76561198415375830,,,,,,,60.0,83.0,23.0,3.0,4.0,1.0
76561198416246843,8.0,27.0,19.0,,2.0,2.0,266.0,725.0,459.0,5.0,38.0,33.0
76561198418413826,1003.0,2010.0,1007.0,25.0,29.0,4.0,100094.0,200478.0,100384.0,55.0,72.0,17.0
76561198418483698,,42.0,42.0,,5.0,5.0,,570.0,570.0,,74.0,74.0
76561198418883498,6.0,33.0,27.0,,2.0,2.0,61.0,789.0,728.0,3.0,23.0,20.0
76561198419605429,3.0,4.0,1.0,,,,82.0,160.0,78.0,,,
76561198421072547,307.0,312.0,5.0,,,,3956.0,4026.0,70.0,66.0,66.0,
76561198425343899,1.0,1.0,,,,,23.0,23.0,,,,
76561198427161754,12.0,171.0,159.0,,25.0,25.0,93.0,2428.0,2335.0,1.0,113.0,112.0
76561198428919557,,,,,,,,4.0,4.0,,,
76561198429930071,3.0,38.0,35.0,,2.0,2.0,13.0,803.0,790.0,1.0,16.0,15.0
76561198431076173,10.0,11.0,1.0,1.0,1.0,,79.0,166.0,87.0,7.0,8.0,1.0
76561198437741857,,6.0,6.0,,2.0,2.0,,238.0,238.0,4.0,125.0,121.0
76561198441241516,,5.0,5.0,,,,1.0,38.0,37.0,,3.0,3.0
76561198443141313,3.0,5.0,2.0,,,,9.0,163.0,154.0,,1.0,1.0
76561198506487800,,8.0,8.0,,,,,237.0,237.0,,4.0,4.0
76561198522774768,,10.0,10.0,,3.0,3.0,,165.0,165.0,,5.0,5.0
76561198801311694,1.0,3.0,2.0,,,,,51.0,51.0,,,
76561198802077108,5.0,7.0,2.0,,,,10.0,31.0,21.0,1.0,1.0,
76561198805020179,12.0,41.0,29.0,,1.0,1.0,8354.0,9054.0,700.0,84.0,103.0,19.0
76561198807737351,23.0,45.0,22.0,,1.0,1.0,709.0,1166.0,457.0,19.0,29.0,10.0
76561198808626803,1.0,3.0,2.0,,,,17.0,84.0,67.0,1.0,1.0,
76561198813972239,774.0,808.0,34.0,24.0,39.0,15.0,3793.0,4347.0,554.0,459.0,497.0,38.0
76561198820262486,50.0,151.0,101.0,3.0,16.0,13.0,804.0,2348.0,1544.0,67.0,198.0,131.0
76561198821002625,1.0,1.0,,,,,2.0,2.0,,,,
76561198822895823,1.0,1.0,,1.0,1.0,,16.0,16.0,,,,
76561198828955058,3.0,9.0,6.0,,,,75.0,282.0,207.0,2.0,5.0,3.0
76561198829547481,3.0,149.0,146.0,,7.0,7.0,111.0,1976.0,1865.0,7.0,26.0,19.0
76561198830127423,1008.0,2031.0,1023.0,25.0,26.0,1.0,100249.0,201013.0,100764.0,51.0,57.0,6.0
76561198834624780,11.0,11.0,,,,,156.0,185.0,29.0,6.0,9.0,3.0
76561198841596194,2.0,5.0,3.0,,,,8.0,80.0,72.0,,1.0,1.0
76561198843527021,,,,,,,2.0,2.0,,,,
76561198843708674,2.0,2.0,,,,,13.0,13.0,,1.0,1.0,
76561198846385910,14.0,83.0,69.0,8.0,17.0,9.0,32.0,872.0,840.0,39.0,70.0,31.0
76561198847485378,14.0,15.0,1.0,3.0,4.0,1.0,60.0,107.0,47.0,14.0,16.0,2.0
76561198850857798,,7.0,7.0,,1.0,1.0,,159.0,159.0,,3.0,3.0
76561198853081788,51.0,51.0,,1.0,1.0,,749.0,749.0,,22.0,22.0,
76561198858926443,,19.0,19.0,,3.0,3.0,1.0,197.0,196.0,,15.0,15.0
76561198865014305,29.0,40.0,11.0,,,,156.0,222.0,66.0,18.0,24.0,6.0
76561198865105722,,19.0,19.0,,,,,357.0,357.0,,,
76561198866148707,1000.0,2001.0,1001.0,25.0,25.0,,100038.0,200040.0,100002.0,50.0,50.0,
76561198867093787,103.0,126.0,23.0,4.0,6.0,2.0,1159.0,2302.0,1143.0,61.0,89.0,28.0
76561198935052904,30.0,30.0,,,,,1421.0,1421.0,,4.0,4.0,
76561198970003197,,2.0,2.0,,,,15.0,148.0,133.0,,,
76561198982337352,11.0,55.0,44.0,,6.0,6.0,135.0,1432.0,1297.0,4.0,61.0,57.0
76561199015364122,,,,,,,87.0,87.0,,,,
76561199017213949,28.0,28.0,,,,,1707.0,1723.0,16.0,6.0,6.0,
76561199022657060,31.0,196.0,165.0,2.0,11.0,9.0,616.0,4691.0,4075.0,23.0,95.0,72.0
76561199141019197,41.0,441.0,400.0,,10.0,10.0,2970.0,5679.0,2709.0,21.0,143.0,122.0
76561199338017237,,1.0,1.0,,,,,5.0,5.0,,,
76561199511270511,504.0,1015.0,511.0,25.0,28.0,3.0,1070.0,51387.0,50317.0,81.0,104.0,23.0
